{
    "project": {
        "name": "NetworkBuster Lunar Recycling System",
        "abbreviation": "NLRS",
        "version": "1.0.0",
        "status": "Active Development - Documentation Phase",
        "lastUpdated": "2025-12-03",
        "organization": "NetworkBuster Research Division",
        "license": "MIT"
    },
    "specifications": {
        "payload": {
            "minimum": "500g",
            "maximum": "50kg",
            "optimalBatch": "5-10kg"
        },
        "dimensions": {
            "length": "1.2m",
            "width": "0.8m",
            "height": "1.0m",
            "mass": "150kg"
        },
        "power": {
            "idle": "80-120W",
            "active": "300-500W",
            "peak": "1000W",
            "solar": {
                "panelArea": "6m²",
                "efficiency": "0.30",
                "peakOutput": "1.5kW"
            },
            "battery": {
                "capacity": "15kWh",
                "type": "Lithium-ion",
                "chargeRate": "500W",
                "cycles": "5000+"
            }
        },
        "thermal": {
            "operatingRange": {
                "min": "-20°C",
                "max": "50°C"
            },
            "lunarSurface": {
                "min": "-173°C",
                "max": "127°C"
            },
            "criticalComponents": {
                "electronics": "0-40°C",
                "battery": "10-30°C",
                "processingChambers": "variable (up to 400°C)"
            }
        },
        "reliability": {
            "mtbf": "5000+ hours",
            "mttr": "<4 hours",
            "availability": ">95%",
            "designLife": "10+ years"
        }
    },
    "processingCapabilities": {
        "plastics": {
            "rate": "3-5 kg/day",
            "efficiency": "85-92%",
            "energy": "2.5-3.5 kWh/kg",
            "outputs": [
                "Pyrolysis oil (65%)",
                "Gases (20%)",
                "Char (15%)"
            ]
        },
        "aluminum": {
            "rate": "2-4 kg/day",
            "efficiency": "95-98%",
            "energy": "0.7-1.0 kWh/kg",
            "outputs": [
                "Ingots (97%)",
                "Dross (3%)"
            ]
        },
        "steel": {
            "rate": "2-3 kg/day",
            "efficiency": "90-95%",
            "energy": "0.1-0.2 kWh/kg",
            "outputs": [
                "Compacted blocks (93%)",
                "Powder (7%)"
            ]
        },
        "glass": {
            "rate": "1-2 kg/day",
            "efficiency": "80-85%",
            "energy": "0.05-0.1 kWh/kg",
            "outputs": [
                "Cullet (83%)",
                "Powder (17%)"
            ]
        },
        "organics": {
            "rate": "4-6 kg/day",
            "efficiency": "70-80%",
            "energy": "0.05-0.15 kWh/kg",
            "outputs": [
                "Compost (45%)",
                "Biogas (25%)",
                "CO2 (20%)",
                "Water (10%)"
            ]
        },
        "electronics": {
            "rate": "0.5-1 kg/day",
            "efficiency": "60-75%",
            "energy": "1.5-2.5 kWh/kg",
            "outputs": [
                "Components",
                "Copper (12%)",
                "Precious metals (0.5%)",
                "Other metals"
            ]
        }
    },
    "modules": {
        "inputProcessing": {
            "id": "IPM",
            "name": "Input Processing Module",
            "power": "50-100W",
            "capacity": "500g-50kg per batch",
            "sensors": [
                "NIR spectroscopy",
                "X-ray fluorescence",
                "Thermal imaging"
            ],
            "processingTime": "5-15 minutes"
        },
        "materialSeparation": {
            "id": "MSU",
            "name": "Material Separation Unit",
            "power": "80-150W",
            "accuracy": ">95%",
            "throughput": "2-5 kg/hour",
            "categories": 12,
            "methods": [
                "Optical sorting",
                "Magnetic separation",
                "Density separation"
            ]
        },
        "thermalChamber": {
            "id": "PC-THERMAL",
            "name": "Thermal Processing Chamber",
            "power": "300-800W",
            "temperatureRange": "150-400°C",
            "processes": [
                "Pyrolysis",
                "Thermal depolymerization"
            ],
            "materials": [
                "Plastics",
                "Composites",
                "Organic matter"
            ]
        },
        "mechanicalChamber": {
            "id": "PC-MECHANICAL",
            "name": "Mechanical Processing Chamber",
            "power": "100-300W",
            "processes": [
                "Grinding",
                "Milling",
                "Compaction"
            ],
            "materials": [
                "Metals",
                "Hard plastics",
                "Glass"
            ]
        },
        "chemicalChamber": {
            "id": "PC-CHEMICAL",
            "name": "Chemical Processing Chamber",
            "power": "50-150W",
            "processes": [
                "Solvent extraction",
                "Electrochemical recovery"
            ],
            "materials": [
                "Electronics",
                "Specialized materials"
            ]
        },
        "biologicalChamber": {
            "id": "PC-BIOLOGICAL",
            "name": "Biological Processing Chamber",
            "power": "20-50W",
            "processes": [
                "Composting",
                "Anaerobic digestion"
            ],
            "materials": [
                "Organic waste",
                "Food scraps"
            ],
            "cycleDuration": "30-90 days"
        },
        "outputManagement": {
            "id": "OMS",
            "name": "Output Management System",
            "power": "20-40W",
            "storageCapacity": "500kg",
            "containerSizes": [
                "100g",
                "500g",
                "1kg",
                "5kg",
                "10kg"
            ],
            "tracking": "RFID tags"
        },
        "controlComputing": {
            "id": "CCS",
            "name": "Control and Computing System",
            "power": "30-60W",
            "processor": "Radiation-hardened ARM Cortex",
            "memory": "16GB RAM",
            "storage": "512GB SSD (rad-hard)",
            "connectivity": [
                "Ethernet",
                "WiFi",
                "LoRa",
                "Deep Space Network"
            ]
        },
        "powerManagement": {
            "id": "PMS",
            "name": "Power Management System",
            "solarTracking": "Dual-axis",
            "batteryType": "Lithium-ion with thermal management",
            "powerbus": [
                "48V primary",
                "12V secondary",
                "5V secondary"
            ],
            "surgeProtection": true
        },
        "thermalManagement": {
            "id": "TMS",
            "name": "Thermal Management System",
            "power": "50-200W",
            "passive": [
                "MLI blankets",
                "Heat pipes",
                "Phase-change materials"
            ],
            "active": [
                "Electric heaters",
                "Thermoelectric coolers",
                "Fluid loops"
            ]
        },
        "communication": {
            "id": "CS",
            "name": "Communication System",
            "power": "5-50W",
            "local": {
                "protocol": "WiFi 6, Ethernet",
                "range": "100-500m",
                "bandwidth": "100+ Mbps"
            },
            "longRange": {
                "protocol": "LoRa",
                "range": "10-50 km",
                "bandwidth": "10-50 kbps"
            },
            "earth": {
                "protocol": "DSN standards",
                "antennaSize": "0.5m",
                "downlink": "1-10 Mbps",
                "uplink": "100 kbps",
                "latency": "1.3 seconds one-way"
            }
        }
    },
    "environmentalAdaptations": {
        "vacuum": {
            "pressure": "3e-15 bar",
            "solutions": [
                "Sealed chambers",
                "Solid lubricants",
                "Space-rated materials"
            ]
        },
        "temperature": {
            "range": "300°C (-173 to +127°C)",
            "solutions": [
                "MLI",
                "Active thermal control",
                "Phase-change materials"
            ]
        },
        "radiation": {
            "dose": "200-300 mSv/year",
            "solutions": [
                "Rad-hard electronics",
                "Triple redundancy",
                "ECC memory",
                "Shielding"
            ]
        },
        "gravity": {
            "acceleration": "1.62 m/s² (1/6 g)",
            "solutions": [
                "Adapted separation",
                "Magnetic manipulation",
                "Centrifugal force"
            ]
        },
        "dust": {
            "particleSize": "Mean 70 μm",
            "solutions": [
                "Electrostatic repulsion",
                "Sealed mechanisms",
                "Self-cleaning optics"
            ]
        },
        "micrometeorites": {
            "flux": "~1000/m²/day (>1μm)",
            "solutions": [
                "Shielding",
                "Redundancy",
                "Robust design"
            ]
        }
    },
    "operationalProtocols": {
        "dailyChecks": {
            "frequency": "Every 24 hours",
            "duration": "15-30 minutes",
            "mode": "Automatic with manual override"
        },
        "weeklyInspection": {
            "frequency": "Every 7 days",
            "duration": "1-2 hours",
            "mode": "Automated + remote visual"
        },
        "monthlyAudit": {
            "frequency": "Every lunar day (~29.5 Earth days)",
            "duration": "4-8 hours",
            "mode": "Detailed remote + optional EVA"
        },
        "maintenance": {
            "daily": [
                "Automated dust removal",
                "Self-diagnostics"
            ],
            "weekly": [
                "Lubrication check",
                "Seal verification",
                "Camera cleaning"
            ],
            "monthly": [
                "Visual inspection",
                "Calibration",
                "Consumable replacement"
            ],
            "quarterly": [
                "Major component inspection",
                "EVA required"
            ],
            "annually": [
                "Comprehensive overhaul",
                "Major service EVA"
            ]
        },
        "emergencyLevels": {
            "level1": "Caution - Minor malfunction, log and monitor",
            "level2": "Warning - Multiple failures, halt new operations",
            "level3": "Emergency - Immediate shutdown required",
            "level4": "Catastrophic - Evacuate area, remote monitoring only"
        }
    },
    "deploymentOptions": {
        "optionA": {
            "name": "Equatorial Maria",
            "pros": [
                "Flat terrain",
                "Higher metal content",
                "Access to both sides"
            ],
            "cons": [
                "14-day night",
                "Large battery required"
            ]
        },
        "optionB": {
            "name": "Polar Peaks of Eternal Light",
            "pros": [
                "Near-continuous sunlight (>80%)",
                "Smaller battery",
                "Access to ice"
            ],
            "cons": [
                "Rough terrain",
                "Limited level ground"
            ],
            "recommended": true
        },
        "optionC": {
            "name": "Lava Tube or Crater",
            "pros": [
                "Natural shielding",
                "Stable temperature",
                "Dust protection"
            ],
            "cons": [
                "No direct solar",
                "Complex setup"
            ]
        }
    },
    "futureEnhancements": {
        "phase2": {
            "timeframe": "Years 2-5",
            "capabilities": [
                "ISRU integration",
                "3D printing feedstock production",
                "Water recovery from organic waste",
                "Oxygen extraction from regolith"
            ]
        },
        "phase3": {
            "timeframe": "Years 5-10",
            "capabilities": [
                "Autonomous mining",
                "Closed-loop manufacturing",
                "Bio-reactor integration",
                "Export capability for Mars missions"
            ]
        }
    },
    "dataLogging": {
        "telemetry": {
            "frequency": "Every 10 seconds",
            "retention": "90 days local, 1 year archive"
        },
        "events": {
            "frequency": "As they occur",
            "retention": "1 year local, permanent archive"
        },
        "summaries": {
            "frequency": "Daily",
            "retention": "Permanent"
        },
        "transmission": {
            "realtime": "Every 60 seconds to Earth",
            "dailySummary": "Once per day",
            "fullLogs": "Weekly or on demand"
        }
    },
    "qualityControl": {
        "gradeA": {
            "purity": ">95%",
            "applications": "Critical applications, 3D printing, life support"
        },
        "gradeB": {
            "purity": "85-95%",
            "applications": "General construction, non-critical uses"
        },
        "gradeC": {
            "purity": "<85%",
            "applications": "Fill material, radiation shielding"
        }
    },
    "documentation": {
        "mainReadme": "README.md",
        "technicalSpecs": [
            "docs/technical-specs/system-architecture.md",
            "docs/technical-specs/material-processing.md"
        ],
        "environmentalData": [
            "docs/environmental-data/lunar-conditions.md"
        ],
        "operations": [
            "docs/operational-protocols/standard-operation.md"
        ],
        "research": [
            "docs/research/bibliography.md"
        ],
        "webApp": {
            "index": "web-app/index.html",
            "styles": "web-app/styles.css",
            "scripts": "web-app/script.js"
        }
    },
    "contact": {
        "projectLead": "NetworkBuster Research Division",
        "email": "research@networkbuster.net",
        "repository": "github.com/networkbuster/lunar-recycling-system",
        "website": "https://networkbuster.net"
    },
    "metadata": {
        "createdDate": "2025-12-03",
        "documentVersion": "1.0",
        "payloadSize": "500g+",
        "minimumPayloadCapacity": "500g",
        "recoveryRate": "95%",
        "expectedLifetime": "10+ years",
        "developmentPhase": "Documentation",
        "technologyReadinessLevel": "TRL 4-5 (Component validation in relevant environment)"
    }
}